Day;Date;HomeTeam;AwayTeam;FTR;MaxH;MaxD;MaxA;AvgH;AvgD;AvgA
J1;21/08/2020;Bordeaux;Nantes;D;2.59;3.13;3.38;2.47;2.95;3.25
J1;22/08/2020;Dijon;Angers;A;2.86;3.22;2.92;2.73;03.07;2.77
J1;22/08/2020;Lille;Rennes;D;2.38;3.34;3.6;2.27;3.18;3.36
J1;23/08/2020;Monaco;Reims;D;2;3.65;4.5;1.92;3.45;4.16
J1;23/08/2020;Lorient;Strasbourg;H;2.75;3.32;03.05;2.56;3.13;2.91
J1;23/08/2020;Nimes;Brest;H;2.35;3.48;3.46;2.24;3.32;3.27
J1;23/08/2020;Nice;Lens;H;2.12;3.54;4.25;02.02;3.34;3.88
J1;28/08/2020;Lyon;Dijon;H;1.35;06.05;11.75;1.3;5.41;10.01
J1;29/08/2020;Rennes;Montpellier;H;2.1;3.48;4.15;02.04;3.28;3.9
J1;29/08/2020;Strasbourg;Nice;A;2.31;3.52;3.5;2.23;3.31;3.31
J1;30/08/2020;Reims;Lille;A;3.15;3.16;2.71;03.03;3;2.56
J1;30/08/2020;Angers;Bordeaux;A;2.4;3.25;3.6;2.28;3.1;3.44
J1;30/08/2020;Metz;Monaco;A;3.98;3.65;2.1;3.74;3.48;02.01
J1;30/08/2020;Nantes;Nimes;H;02.03;3.44;4.72;1.96;3.25;4.28
J1;30/08/2020;St Etienne;Lorient;H;2.36;3.46;3.55;2.27;3.23;3.29
J1;30/08/2020;Brest;Marseille;A;3.56;3.85;2.18;3.36;3.64;02.09
J2;10/09/2020;Lens;Paris SG;H;5.6;4.25;1.73;4.9;3.96;1.68
J2;11/09/2020;Bordeaux;Lyon;D;4.75;3.65;02.01;4.31;3.46;1.89
J2;12/09/2020;Montpellier;Nice;H;2.26;3.48;3.68;2.21;3.25;3.4
J2;12/09/2020;St Etienne;Strasbourg;H;2.24;3.48;3.75;2.16;3.23;3.56
J2;13/09/2020;Lille;Metz;H;1.61;04.06;7.7;1.56;3.82;6.65
J2;13/09/2020;Angers;Reims;H;2.51;03.08;3.58;2.39;2.96;3.36
J2;13/09/2020;Dijon;Brest;A;2.61;3.3;3.15;2.5;3.17;2.97
J2;13/09/2020;Lorient;Lens;A;2.23;3.55;3.75;2.15;3.3;3.52
J2;13/09/2020;Nimes;Rennes;A;3.5;3.42;2.4;3.29;3.24;2.27
J2;13/09/2020;Monaco;Nantes;H;02.01;3.75;4.33;1.93;3.55;3.93
J2;13/09/2020;Paris SG;Marseille;A;1.73;5.2;5;1.68;4.52;4.28
J3;15/09/2020;Montpellier;Lyon;H;4;3.52;2.13;3.79;3.39;02.05
J3;16/09/2020;Paris SG;Metz;H;1.3;7;11.75;1.26;6.33;9.36
J3;17/09/2020;Marseille;St Etienne;A;02.09;3.5;4.33;02.01;3.33;3.95
J3;18/09/2020;Lyon;Nimes;D;1.4;06.05;11.5;1.31;5.59;9.76
J3;19/09/2020;Lens;Bordeaux;H;2.45;3.25;3.55;2.36;03.07;3.32
J3;19/09/2020;Rennes;Monaco;H;2.45;3.56;3.3;2.32;3.37;3.1
J3;20/09/2020;Nice;Paris SG;A;8.5;05.05;1.46;7.45;4.7;1.42
J3;20/09/2020;Brest;Lorient;H;2.47;3.45;3.26;2.38;3.22;3.11
J3;20/09/2020;Metz;Reims;H;2.75;03.05;3.22;2.63;2.87;3.1
J3;20/09/2020;Montpellier;Angers;H;2.25;3.44;3.8;2.14;3.27;3.6
J3;20/09/2020;Strasbourg;Dijon;H;1.76;4;5.55;1.7;3.74;5.15
J3;20/09/2020;Nantes;St Etienne;D;2.4;3.4;3.44;2.32;3.2;3.25
J3;20/09/2020;Marseille;Lille;D;2.48;3.32;3.38;2.34;3.19;3.22
J4;25/09/2020;Lille;Nantes;H;1.75;3.85;6.2;1.68;3.67;5.55
J4;26/09/2020;St Etienne;Rennes;A;2.95;3.28;2.8;2.84;3.12;2.62
J4;26/09/2020;Marseille;Metz;D;1.71;3.85;6.45;1.66;3.67;5.68
J4;27/09/2020;Bordeaux;Nice;D;2.27;3.4;3.72;2.18;3.19;3.54
J4;27/09/2020;Angers;Brest;H;2.16;3.4;4;02.08;3.26;3.76
J4;27/09/2020;Dijon;Montpellier;D;4.5;3.82;1.91;4.22;3.65;1.84
J4;27/09/2020;Monaco;Strasbourg;H;1.92;3.79;4.6;1.86;3.56;4.23
J4;27/09/2020;Nimes;Lens;D;2.76;3.52;2.8;2.65;3.28;2.69
J4;27/09/2020;Lorient;Lyon;D;5.75;4.35;1.68;5.33;4.13;1.61
J4;27/09/2020;Reims;Paris SG;A;13;6.9;1.28;11.43;6.15;1.25
J5;02/10/2020;Paris SG;Angers;H;1.15;12.5;29;01.09;10.94;23.63
J5;03/10/2020;Lens;St Etienne;H;2.12;3.58;4.2;02.04;3.38;3.76
J5;03/10/2020;Nice;Nantes;H;2.52;3.38;3.11;2.44;3.23;3
J5;04/10/2020;Montpellier;Nimes;A;1.74;4;5.72;1.69;3.79;5.12
J5;04/10/2020;Bordeaux;Dijon;H;1.77;4;5.5;1.69;3.78;05.08
J5;04/10/2020;Brest;Monaco;H;3.2;3.83;2.3;03.04;3.65;2.22
J5;04/10/2020;Metz;Lorient;H;2.37;3.46;3.45;2.27;3.26;3.26
J5;04/10/2020;Strasbourg;Lille;A;3.5;3.41;2.34;3.29;3.26;2.26
J5;04/10/2020;Rennes;Reims;D;1.72;4;6.14;1.65;3.76;5.64
J5;04/10/2020;Lyon;Marseille;D;1.75;4.1;5.35;1.7;3.84;4.9
J6;16/10/2020;Dijon;Rennes;D;5.28;4.18;1.73;05.02;3.92;1.68
J6;16/10/2020;Nimes;Paris SG;A;8.3;5.35;1.45;7.19;05.02;1.41
J6;17/10/2020;Reims;Lorient;A;2.2;3.5;3.75;2.11;3.36;3.56
J6;17/10/2020;Marseille;Bordeaux;H;2.13;3.6;04.05;02.03;3.39;3.79
J6;18/10/2020;Strasbourg;Lyon;A;3.7;3.54;2.26;3.46;3.34;2.14
J6;18/10/2020;Angers;Metz;D;2.18;3.5;4.2;02.04;3.33;3.84
J6;18/10/2020;Monaco;Montpellier;D;1.54;05.02;6.75;1.5;4.64;6
J6;18/10/2020;Nantes;Brest;H;2.22;3.65;3.5;2.14;3.47;3.36
J6;18/10/2020;St Etienne;Nice;A;2.43;3.5;3.35;2.34;3.25;3.16
J6;18/10/2020;Lille;Lens;H;1.97;3.78;4.5;1.87;3.55;4.26
J7;23/10/2020;Rennes;Angers;A;2.15;3.5;04.07;02.07;3.3;3.8
J7;24/10/2020;Lorient;Marseille;A;3.11;3.46;2.57;2.96;3.26;2.46
J7;24/10/2020;Paris SG;Dijon;H;01.07;21;49;01.05;15.05;34.44
J7;25/10/2020;Bordeaux;Nimes;H;02.03;3.68;4.2;1.95;3.49;3.98
J7;25/10/2020;Brest;Strasbourg;A;2.31;3.88;3.22;2.23;3.59;03.09
J7;25/10/2020;Metz;St Etienne;H;2.48;3.5;3.2;2.38;3.3;03.06
J7;25/10/2020;Montpellier;Reims;A;2.17;3.5;4.2;02.08;3.28;3.72
J7;25/10/2020;Nice;Lille;D;3.54;3.56;2.34;3.33;3.36;2.21
J7;25/10/2020;Lyon;Monaco;H;1.77;4.6;4.9;1.68;4.22;4.57
J8;31/10/2020;Rennes;Brest;H;02.06;3.82;04.03;1.99;3.6;3.69
J8;31/10/2020;Nantes;Paris SG;A;8.4;5.25;1.47;7.27;4.92;1.41
J8;01/11/2020;St Etienne;Montpellier;A;2.47;3.64;03.06;2.4;3.43;2.92
J8;01/11/2020;Angers;Nice;A;2.31;3.46;3.47;2.25;3.32;3.29
J8;01/11/2020;Dijon;Lorient;D;3.26;3.6;2.37;3.14;3.45;2.27
J8;01/11/2020;Nimes;Metz;A;2.63;3.4;03.07;2.49;3.26;2.93
J8;01/11/2020;Reims;Strasbourg;H;2.43;3.48;3.25;2.34;3.3;3.12
J8;01/11/2020;Monaco;Bordeaux;H;1.97;4;4.2;1.91;3.76;3.88
J8;01/11/2020;Lille;Lyon;D;2.85;3.48;2.75;2.74;3.28;2.64
J9;06/11/2020;Strasbourg;Marseille;A;3.25;3.3;2.64;03.04;3.16;2.48
J9;07/11/2020;Bordeaux;Montpellier;A;2.5;3.48;3.35;2.36;3.3;03.07
J9;07/11/2020;Paris SG;Rennes;H;1.48;5.4;7.8;1.42;4.95;6.94
J9;08/11/2020;Brest;Lille;H;3.98;3.72;2.12;3.66;3.53;02.02
J9;08/11/2020;Lens;Reims;D;2.22;3.44;3.8;2.14;3.27;3.61
J9;08/11/2020;Lorient;Nantes;A;2.55;3.4;3.15;2.42;3.2;03.04
J9;08/11/2020;Metz;Dijon;D;1.83;3.86;05.01;1.76;3.65;4.78
J9;08/11/2020;Nimes;Angers;A;3.15;3.4;2.63;03.01;3.24;2.43
J9;08/11/2020;Nice;Monaco;A;3.38;3.85;2.25;3.16;3.67;2.17
J9;08/11/2020;Lyon;St Etienne;H;1.41;5.75;8.75;1.37;5.12;08.09
J10;20/11/2020;Rennes;Bordeaux;A;1.87;3.68;5.35;1.81;3.48;4.78
J10;20/11/2020;Monaco;Paris SG;H;5.95;5.3;1.63;5.28;4.89;1.53
J10;21/11/2020;Brest;St Etienne;H;2.25;3.8;3.52;2.15;3.55;3.27
J10;22/11/2020;Nantes;Metz;D;2.33;3.34;3.55;2.25;3.2;3.39
J10;22/11/2020;Dijon;Lens;A;3.6;3.72;2.23;3.41;3.43;2.14
J10;22/11/2020;Montpellier;Strasbourg;H;2.16;3.6;3.74;02.09;3.44;3.54
J10;22/11/2020;Reims;Nimes;A;02.02;3.8;4.5;1.9;3.58;04.08
J10;22/11/2020;Angers;Lyon;A;5.35;4.31;1.7;4.98;04.09;1.65
J10;22/11/2020;Lille;Lorient;H;1.65;4.14;7;1.59;3.91;5.97
J11;25/11/2020;Lens;Nantes;D;02.05;3.65;4.1;1.98;3.48;3.88
J11;27/11/2020;Strasbourg;Rennes;D;3.24;3.32;2.54;3.11;3.22;2.41
J11;28/11/2020;Marseille;Nantes;H;2.19;3.51;4;2.11;3.3;3.64
J11;28/11/2020;Paris SG;Bordeaux;D;1.23;8.5;18;1.18;7.59;14.25
J11;29/11/2020;Lyon;Reims;H;1.43;5.5;8.5;1.39;05.01;7.5
J11;29/11/2020;Lens;Angers;A;2.23;3.56;3.71;2.13;3.35;3.52
J11;29/11/2020;Lorient;Montpellier;A;3.47;3.64;2.31;3.31;3.42;2.18
J11;29/11/2020;Metz;Brest;A;2.36;3.52;3.34;2.28;3.32;3.19
J11;29/11/2020;Monaco;Nimes;H;1.43;5.75;9;1.37;5.16;7.83
J11;29/11/2020;Nice;Dijon;A;1.94;3.84;4.65;1.82;3.65;4.36
J11;29/11/2020;St Etienne;Lille;D;5.15;3.92;1.81;4.8;3.72;1.74
J12;04/12/2020;Nimes;Marseille;A;5.5;4;1.78;05.08;3.79;1.7
J12;05/12/2020;Rennes;Lens;A;2.12;3.64;3.83;02.07;3.45;3.6
J12;05/12/2020;Montpellier;Paris SG;A;7.2;5;1.5;6.58;4.74;1.45
J12;06/12/2020;Lille;Monaco;H;2.58;3.75;03.04;2.36;3.54;2.9
J12;06/12/2020;Angers;Lorient;H;1.95;3.83;4.42;1.87;3.61;4.14
J12;06/12/2020;Bordeaux;Brest;H;2.19;3.64;3.65;2.12;3.42;3.48
J12;06/12/2020;Dijon;St Etienne;D;03.08;3.62;2.51;2.94;3.42;2.38
J12;06/12/2020;Nantes;Strasbourg;A;2.26;3.67;3.51;2.17;3.44;3.33
J12;06/12/2020;Reims;Nice;D;2.59;3.56;2.95;2.51;3.36;2.81
J12;06/12/2020;Metz;Lyon;A;6;4.56;1.64;5.51;4.25;1.58
J13;11/12/2020;St Etienne;Angers;D;2.53;3.5;03.09;2.43;3.34;2.97
J13;12/12/2020;Marseille;Monaco;H;2.92;3.7;2.61;2.8;3.48;2.44
J13;12/12/2020;Lens;Montpellier;A;2.64;3.42;2.97;2.54;3.24;2.85
J13;13/12/2020;Nice;Rennes;A;03.08;3.5;2.49;2.96;3.31;2.41
J13;13/12/2020;Brest;Reims;H;2.37;3.55;3.3;2.26;3.37;3.19
J13;13/12/2020;Lorient;Nimes;H;2.26;3.56;3.5;2.18;3.38;3.35
J13;13/12/2020;Nantes;Dijon;D;1.82;04.08;5;1.75;3.8;4.59
J13;13/12/2020;Strasbourg;Metz;D;02.08;3.56;04.09;02.01;3.38;3.85
J13;13/12/2020;Lille;Bordeaux;H;1.79;3.78;5.75;1.73;3.54;5.15
J13;13/12/2020;Paris SG;Lyon;A;1.66;4.9;5.15;1.61;4.57;4.77
J14;16/12/2020;Angers;Strasbourg;A;2.29;3.52;3.5;2.22;3.37;3.26
J14;16/12/2020;Dijon;Lille;A;6.7;4.33;1.6;6.2;4.1;1.54
J14;16/12/2020;Montpellier;Metz;A;1.76;4;5.5;1.69;3.77;05.08
J14;16/12/2020;Nimes;Nice;A;3.47;3.64;2.24;3.32;3.46;2.16
J14;16/12/2020;Reims;Nantes;H;2.54;3.36;3.2;2.41;3.21;03.04
J14;16/12/2020;Bordeaux;St Etienne;A;2.28;3.53;3.6;2.22;3.3;3.34
J14;16/12/2020;Lyon;Brest;D;1.39;06.03;9.5;1.33;5.5;8.32
J14;16/12/2020;Monaco;Lens;A;1.73;4.36;5.25;1.67;4.12;4.77
J14;16/12/2020;Paris SG;Lorient;H;1.17;9.6;22;1.14;8.43;17.39
J14;16/12/2020;Rennes;Marseille;H;2.6;3.44;03.08;2.5;3.24;2.92
J15;19/12/2020;Metz;Lens;H;3.21;3.44;2.55;03.03;3.27;2.4
J15;19/12/2020;Marseille;Reims;D;1.83;3.82;5.22;1.77;3.59;4.77
J15;19/12/2020;Nice;Lyon;A;6.5;4.5;1.64;5.5;4.21;1.58
J15;20/12/2020;Brest;Montpellier;D;3.13;3.68;2.4;2.99;3.46;2.33
J15;20/12/2020;Dijon;Monaco;A;6.5;4.68;1.6;5.76;4.4;1.54
J15;20/12/2020;Nantes;Angers;D;2.56;3.5;03.03;2.46;3.31;2.9
J15;20/12/2020;St Etienne;Nimes;D;1.64;4.4;6.5;1.58;4.14;5.68
J15;20/12/2020;Strasbourg;Bordeaux;A;2.25;3.5;3.6;2.19;3.3;3.41
J15;20/12/2020;Lorient;Rennes;A;4.1;3.72;02.02;3.87;3.51;1.96
J15;20/12/2020;Lille;Paris SG;D;4;3.92;02.03;3.67;3.74;1.95
J16;23/12/2020;Bordeaux;Reims;A;2.32;3.4;3.58;2.23;3.24;3.39
J16;23/12/2020;Lens;Brest;H;02.07;3.9;3.8;1.99;3.68;3.6
J16;23/12/2020;Nice;Lorient;D;1.94;3.79;4.33;1.88;3.6;4.11
J16;23/12/2020;Nimes;Dijon;A;2.72;3.65;2.8;2.58;3.42;2.68
J16;23/12/2020;Rennes;Metz;H;1.66;4.25;6.5;1.6;3.92;5.87
J16;23/12/2020;Angers;Marseille;H;3.18;3.38;2.58;2.98;3.21;2.47
J16;23/12/2020;Lyon;Nantes;H;1.33;6.5;12;1.29;5.86;9.5
J16;23/12/2020;Monaco;St Etienne;D;1.68;4.38;5.64;1.63;04.09;5.2
J16;23/12/2020;Montpellier;Lille;A;3.6;3.56;2.3;3.41;3.35;2.18
J16;23/12/2020;Paris SG;Strasbourg;H;1.35;6.32;10.5;1.3;5.78;9.29
J17;06/01/2021;Brest;Nice;H;2.32;3.77;3.18;2.24;3.63;03.04
J17;06/01/2021;Lorient;Monaco;A;4.58;4.13;1.83;4.38;3.94;1.76
J17;06/01/2021;Metz;Bordeaux;D;2.75;3.22;2.96;2.65;03.09;2.87
J17;06/01/2021;Nantes;Rennes;D;3.8;3.7;2.22;3.59;3.43;02.08
J17;06/01/2021;Strasbourg;Nimes;H;1.64;4.28;6.35;1.57;04.06;5.87
J17;06/01/2021;Lille;Angers;A;1.66;4.12;6.5;1.6;3.91;5.97
J17;06/01/2021;Lyon;Lens;H;1.5;5;07.08;1.46;4.79;6.41
J17;06/01/2021;Marseille;Montpellier;H;2.15;3.59;3.89;02.08;3.42;3.6
J17;06/01/2021;Reims;Dijon;D;1.9;3.78;4.61;1.85;3.6;4.33
J17;06/01/2021;St Etienne;Paris SG;D;8.7;5.5;1.42;7.57;5.19;1.38
J18;09/01/2021;Bordeaux;Lorient;H;2.11;3.6;4;02.03;3.38;3.79
J18;09/01/2021;Dijon;Marseille;D;4.6;3.6;02.01;4.21;3.42;1.92
J18;09/01/2021;Lens;Strasbourg;A;2.42;3.58;3.32;2.31;3.37;3.12
J18;09/01/2021;Metz;Nice;D;2.72;3.29;03.03;2.6;3.16;2.87
J18;09/01/2021;Monaco;Angers;H;1.79;04.04;5.59;1.72;3.74;4.96
J18;09/01/2021;Montpellier;Nantes;D;02.07;3.78;04.04;1.98;3.52;3.83
J18;09/01/2021;Nimes;Lille;A;8.13;4.8;1.5;7.41;4.48;1.44
J18;09/01/2021;Paris SG;Brest;H;1.2;9;17.03;1.16;08.07;15.06
J18;09/01/2021;Reims;St Etienne;H;03.01;3.16;2.85;2.85;03.02;2.73
J18;09/01/2021;Rennes;Lyon;D;3.55;3.63;2.26;3.32;3.47;2.17
J19;15/01/2021;Montpellier;Monaco;A;3.5;3.75;2.24;3.32;3.5;2.17
J19;16/01/2021;Marseille;Nimes;A;1.47;5.1;8.45;1.42;4.66;7.57
J19;16/01/2021;Angers;Paris SG;A;9.5;5.75;1.4;8.62;5.31;1.34
J19;17/01/2021;Brest;Rennes;A;3.41;3.72;2.24;3.27;3.49;2.18
J19;17/01/2021;Nantes;Lens;D;2.63;3.48;2.95;2.55;3.33;2.8
J19;17/01/2021;Nice;Bordeaux;A;2.5;3.38;3.37;2.36;3.21;3.18
J19;17/01/2021;Strasbourg;St Etienne;H;2.1;3.6;4.34;2;3.38;3.93
J19;17/01/2021;Lille;Reims;H;1.7;4;6.27;1.64;3.71;5.79
J19;17/01/2021;Lyon;Metz;A;1.33;6.25;12.16;1.28;5.71;10.56
J20;20/01/2021;Marseille;Lens;A;2.15;3.62;04.09;02.06;3.38;3.71
J20;22/01/2021;Paris SG;Montpellier;H;1.2;8.9;19.75;1.17;7.98;15.7
J20;23/01/2021;Lens;Nice;A;2.15;3.48;4.38;02.03;3.32;3.89
J20;23/01/2021;Monaco;Marseille;H;1.81;4.2;4.75;1.76;3.96;4.38
J20;24/01/2021;Bordeaux;Angers;H;2.51;3.28;3.41;2.39;3.14;3.17
J20;24/01/2021;Dijon;Strasbourg;D;3.86;3.72;2.12;3.68;3.47;02.03
J20;24/01/2021;Metz;Nantes;H;2.67;3.29;3.25;2.45;3.12;03.09
J20;24/01/2021;Reims;Brest;H;2.46;3.58;3.1;2.37;3.41;2.95
J20;24/01/2021;Rennes;Lille;A;2.9;3.19;2.86;2.78;03.05;2.74
J20;24/01/2021;St Etienne;Lyon;A;9.3;05.03;1.45;7.58;4.73;1.41
J21;27/01/2021;Lorient;Dijon;H;2.25;3.56;3.48;2.18;3.39;3.37
J21;29/01/2021;Lyon;Bordeaux;H;1.37;6.25;10;1.32;5.65;8.86
J21;30/01/2021;Montpellier;Lens;A;03.02;3.56;2.65;2.87;3.23;2.55
J21;31/01/2021;Nice;St Etienne;A;2.25;3.7;3.41;2.17;3.51;3.27
J21;31/01/2021;Angers;Nimes;H;1.76;4.2;5.7;1.66;3.88;5.26
J21;31/01/2021;Brest;Metz;A;2.34;3.52;3.59;2.18;3.36;3.38
J21;31/01/2021;Lorient;Paris SG;H;19;9.2;1.19;15;8.16;1.16
J21;31/01/2021;Strasbourg;Reims;A;2.16;3.35;4.18;02.08;3.23;3.84
J21;31/01/2021;Lille;Dijon;H;1.4;5.11;10.44;1.36;4.76;9.28
J21;31/01/2021;Nantes;Monaco;A;4.38;4.1;1.88;4.21;3.8;1.81
J22;03/02/2021;Bordeaux;Lille;A;4.15;3.28;2.18;3.9;3.15;02.09
J22;03/02/2021;Metz;Montpellier;D;2.69;3.26;3.1;2.56;03.05;2.98
J22;03/02/2021;Reims;Angers;D;2.77;3.15;3.13;2.64;03.03;2.9
J22;03/02/2021;Rennes;Lorient;D;1.67;4.33;6.2;1.61;04.03;5.49
J22;03/02/2021;Strasbourg;Brest;D;2.24;3.55;3.7;2.16;3.35;3.43
J22;03/02/2021;Dijon;Lyon;A;10.27;5.5;1.39;8.62;05.08;1.35
J22;03/02/2021;Lens;Marseille;D;2.56;3.36;3.13;2.45;3.18;03.01
J22;03/02/2021;Monaco;Nice;H;1.56;4.8;7;1.5;4.57;06.06
J22;03/02/2021;Paris SG;Nimes;H;1.1;15;36;01.07;12.25;26.53
J22;03/02/2021;St Etienne;Nantes;D;2.19;3.36;04.05;2.11;3.19;3.78
J23;06/02/2021;Lorient;Reims;H;2.65;3.36;03.06;2.54;3.17;2.9
J23;06/02/2021;Lyon;Strasbourg;H;1.5;05.05;7.25;1.45;4.7;6.62
J23;06/02/2021;Lens;Rennes;D;2.83;3.32;2.78;2.73;3.18;2.69
J23;07/02/2021;Brest;Bordeaux;H;2.68;3.33;3;2.58;3.19;2.86
J23;07/02/2021;Montpellier;Dijon;H;1.82;4;5.2;1.75;3.65;4.83
J23;07/02/2021;Nice;Angers;H;2.84;3.28;2.89;2.73;03.09;2.76
J23;07/02/2021;Nimes;Monaco;A;8.55;5.25;1.43;7.71;4.82;1.4
J23;07/02/2021;St Etienne;Metz;H;2.22;3.38;3.89;2.13;3.2;3.71
J23;07/02/2021;Nantes;Lille;A;4.84;3.73;1.89;4.61;3.5;1.82
J23;07/02/2021;Marseille;Paris SG;A;8;5.5;1.44;7.39;5.16;1.39
J24;13/02/2021;Paris SG;Nice;H;1.23;8;16.5;1.2;7.17;12.48
J24;13/02/2021;Reims;Lens;D;3.2;3.15;2.68;3;2.99;2.59
J24;13/02/2021;Lyon;Montpellier;A;1.43;5.75;8.5;1.37;5.29;7.5
J24;14/02/2021;Monaco;Lorient;D;1.42;5.5;8.25;1.38;05.04;7.61
J24;14/02/2021;Angers;Nantes;A;2.4;3.15;3.77;2.28;03.01;3.53
J24;14/02/2021;Dijon;Nimes;A;2.6;3.62;2.93;2.48;3.39;2.81
J24;14/02/2021;Metz;Strasbourg;A;3.12;3.1;2.74;2.99;2.97;2.61
J24;14/02/2021;Rennes;St Etienne;A;1.99;3.6;4.36;1.93;3.42;4.13
J24;14/02/2021;Lille;Brest;D;1.58;4.5;7;1.52;4.15;6.34
J24;14/02/2021;Bordeaux;Marseille;D;2.76;3.46;2.86;2.62;3.28;2.73
J24;17/02/2021;Marseille;Nice;H;2.38;3.55;3.58;2.29;3.35;3.16
J25;19/02/2021;Brest;Lyon;A;6.65;05.05;1.55;5.82;4.67;1.51
J25;20/02/2021;St Etienne;Reims;D;2.36;3.11;4;2.23;2.99;3.7
J25;20/02/2021;Nantes;Marseille;D;2.98;3.32;2.68;2.87;3.17;2.57
J25;21/02/2021;Montpellier;Rennes;H;3.16;3.56;2.5;2.97;3.32;2.41
J25;21/02/2021;Lens;Dijon;H;1.59;4.29;7.42;1.53;04.04;6.5
J25;21/02/2021;Nice;Metz;A;2.41;3.58;3.28;2.34;3.33;03.08
J25;21/02/2021;Nimes;Bordeaux;H;3.26;3.7;2.35;03.07;3.49;2.27
J25;21/02/2021;Strasbourg;Angers;D;2.36;3.23;3.56;2.28;3.14;3.37
J25;21/02/2021;Lorient;Lille;A;4.54;3.5;1.97;4.23;3.36;1.93
J25;21/02/2021;Paris SG;Monaco;A;1.69;4.59;5.5;1.62;4.32;4.95
J26;24/02/2021;Nimes;Lorient;H;03.01;3.62;2.58;2.86;3.33;2.48
J26;26/02/2021;Rennes;Nice;A;1.88;3.54;5.15;1.84;3.4;4.74
J26;27/02/2021;Bordeaux;Metz;A;2.61;3.2;3.41;2.49;03.03;3.11
J26;27/02/2021;Dijon;Paris SG;A;17;8;1.23;13.55;6.96;1.2
J26;28/02/2021;Monaco;Brest;H;1.52;5.1;6.86;1.45;4.8;6.32
J26;28/02/2021;Angers;Lens;D;03.01;3.2;2.78;2.85;03.02;2.7
J26;28/02/2021;Lorient;St Etienne;H;3.25;3.36;2.51;03.04;3.2;2.43
J26;28/02/2021;Nimes;Nantes;D;3.27;3.48;2.47;03.08;3.32;2.35
J26;28/02/2021;Reims;Montpellier;D;2.98;3.24;2.85;2.81;03.06;2.71
J26;28/02/2021;Lille;Strasbourg;D;1.85;3.79;5.2;1.77;3.55;4.83
J26;28/02/2021;Marseille;Lyon;D;5.2;4.33;1.74;4.71;04.06;1.69
J27;03/03/2021;Brest;Dijon;H;1.76;4.2;5.19;1.7;3.91;4.79
J27;03/03/2021;Lyon;Rennes;H;1.65;4.42;6;1.59;4.12;5.59
J27;03/03/2021;Metz;Angers;A;2.69;3.22;3.17;2.54;03.04;03.03
J27;03/03/2021;Nice;Nimes;H;1.81;04.02;5;1.75;3.84;4.56
J27;03/03/2021;St Etienne;Lens;A;2.86;3.55;2.68;2.77;3.27;2.59
J27;03/03/2021;Bordeaux;Paris SG;A;8;4.8;1.5;7.17;4.52;1.45
J27;03/03/2021;Lille;Marseille;H;1.83;3.74;5.59;1.75;3.54;5.11
J27;03/03/2021;Montpellier;Lorient;D;02.09;3.76;3.92;02.03;3.51;3.63
J27;03/03/2021;Nantes;Reims;A;2.59;03.06;3.4;2.48;2.96;3.21
J27;03/03/2021;Strasbourg;Monaco;H;4.22;3.92;1.92;04.01;3.7;1.88
J28;10/03/2021;Marseille;Rennes;H;3;3.17;2.78;2.86;03.02;2.7
J28;12/03/2021;Reims;Lyon;D;7.72;4.79;1.54;6.94;4.57;1.46
J28;13/03/2021;Angers;St Etienne;A;2.66;3.46;3.15;2.54;3.13;2.97
J28;13/03/2021;Marseille;Brest;H;2.1;3.59;4.4;2;3.34;3.97
J28;14/03/2021;Nimes;Montpellier;D;3.41;3.76;2.2;3.29;3.58;2.15
J28;14/03/2021;Dijon;Bordeaux;A;3.68;3.62;2.16;3.55;3.44;02.08
J28;14/03/2021;Lens;Metz;D;1.97;3.6;4.65;1.9;3.39;4.34
J28;14/03/2021;Lorient;Nice;D;2.63;3.5;2.96;2.54;3.31;2.81
J28;14/03/2021;Rennes;Strasbourg;H;2.28;3.4;3.8;2.17;3.26;3.51
J28;14/03/2021;Monaco;Lille;D;2.53;3.3;3.28;2.43;3.11;3.13
J28;14/03/2021;Paris SG;Nantes;A;1.22;7.75;19;1.18;7.13;15.39
J29;19/03/2021;St Etienne;Monaco;A;4.8;3.8;1.88;4.52;3.63;1.81
J29;20/03/2021;Metz;Rennes;A;3.55;3.2;2.44;3.38;03.08;2.32
J29;20/03/2021;Nice;Marseille;H;3.1;3.52;2.6;2.95;3.26;2.46
J29;21/03/2021;Strasbourg;Lens;A;2.83;3.5;2.75;2.66;3.34;2.66
J29;21/03/2021;Brest;Angers;D;2.67;3.26;03.07;2.55;3.11;2.94
J29;21/03/2021;Dijon;Reims;A;3.75;3.47;2.27;3.5;3.3;2.16
J29;21/03/2021;Montpellier;Bordeaux;H;2.26;3.36;3.84;2.15;3.26;3.55
J29;21/03/2021;Nantes;Lorient;D;2.4;3.34;3.42;2.33;3.17;3.26
J29;21/03/2021;Lille;Nimes;A;1.36;5.25;12.03;1.32;4.97;10.5
J29;21/03/2021;Lyon;Paris SG;A;03.01;4.13;2.33;2.89;3.82;2.25
J30;03/04/2021;Monaco;Metz;H;1.5;5.25;7.5;1.45;4.57;6.91
J30;03/04/2021;Paris SG;Lille;A;1.74;4;5.7;1.68;3.79;5.24
J30;03/04/2021;Lens;Lyon;D;4.35;4.1;1.9;04.06;3.9;1.83
J30;04/04/2021;Angers;Montpellier;D;2.77;3.42;2.92;2.61;3.26;2.77
J30;04/04/2021;Bordeaux;Strasbourg;A;2.94;3.34;2.75;2.81;3.1;2.67
J30;04/04/2021;Lorient;Brest;H;2.48;3.65;03.08;2.39;3.43;2.91
J30;04/04/2021;Nantes;Nice;A;2.6;3.5;3;2.48;3.31;2.87
J30;04/04/2021;Reims;Rennes;D;3.82;3.43;2.25;3.65;3.18;2.16
J30;04/04/2021;Nimes;St Etienne;A;3.4;3.56;2.35;3.26;3.37;2.23
J30;04/04/2021;Marseille;Dijon;H;1.56;4.61;8.25;1.49;4.28;6.84
J31;09/04/2021;Metz;Lille;A;6.8;3.79;1.7;6.2;3.62;1.64
J31;10/04/2021;Strasbourg;Paris SG;A;4.65;4.19;1.8;4.43;3.96;1.75
J31;10/04/2021;Montpellier;Marseille;D;2.71;3.58;2.82;2.6;3.37;2.72
J31;11/04/2021;Rennes;Nantes;H;1.9;3.82;4.84;1.81;3.58;4.55
J31;11/04/2021;Brest;Nimes;D;2.12;3.77;3.7;02.03;3.62;3.54
J31;11/04/2021;Lens;Lorient;H;2.13;3.68;3.96;02.03;3.51;3.68
J31;11/04/2021;Nice;Reims;D;2.4;3.35;3.74;2.27;3.17;3.41
J31;11/04/2021;St Etienne;Bordeaux;H;2.47;3.24;3.61;2.36;03.02;3.37
J31;11/04/2021;Monaco;Dijon;H;1.22;7.75;17;1.19;7.16;14.51
J31;11/04/2021;Lyon;Angers;H;1.44;5.25;8.5;1.39;4.98;7.77
J32;16/04/2021;Lille;Montpellier;D;1.7;04.05;6;1.64;3.9;5.55
J32;17/04/2021;Angers;Rennes;A;3.78;3.38;2.29;3.56;3.23;2.17
J32;17/04/2021;Marseille;Lorient;H;2.19;3.66;3.8;02.09;3.43;3.57
J32;18/04/2021;Paris SG;St Etienne;H;1.36;5.79;10.5;1.31;5.51;9.39
J32;18/04/2021;Brest;Lens;D;2.95;3.41;2.67;2.83;3.28;2.56
J32;18/04/2021;Dijon;Nice;H;4.9;04.04;1.83;4.5;3.83;1.76
J32;18/04/2021;Nimes;Strasbourg;D;3.79;3.71;2.15;3.5;3.53;02.08
J32;18/04/2021;Reims;Metz;D;2.52;3.27;3.36;2.43;03.08;3.19
J32;18/04/2021;Bordeaux;Monaco;A;5.85;4.14;1.72;5.32;3.91;1.65
J32;18/04/2021;Nantes;Lyon;A;6.75;4.54;1.6;5.89;4.3;1.54
J33;23/04/2021;Reims;Marseille;A;3.8;3.64;2.15;3.67;3.4;02.06
J33;24/04/2021;St Etienne;Brest;A;2.14;3.66;3.8;02.07;3.49;3.57
J33;24/04/2021;Metz;Paris SG;A;12;5.92;1.34;10.54;5.43;1.29
J33;25/04/2021;Nice;Montpellier;H;2.88;3.52;2.69;2.72;3.36;2.59
J33;25/04/2021;Lens;Nimes;H;1.8;04.02;5.5;1.73;3.68;5
J33;25/04/2021;Lorient;Bordeaux;H;2.19;3.65;3.69;2.11;3.46;3.48
J33;25/04/2021;Rennes;Dijon;H;1.39;5.5;10.22;1.34;5.14;9.22
J33;25/04/2021;Strasbourg;Nantes;A;2.25;3.53;3.62;2.18;3.33;3.44
J33;25/04/2021;Angers;Monaco;A;7;4.91;1.54;6.29;4.51;1.49
J33;25/04/2021;Lyon;Lille;A;2.23;3.63;3.82;02.08;3.45;3.59
J34;30/04/2021;Marseille;Strasbourg;D;1.93;3.8;4.35;1.87;3.64;4.19
J34;01/05/2021;Paris SG;Lens;H;1.38;5.85;9.4;1.34;5.49;8.19
J34;01/05/2021;Lille;Nice;H;1.48;4.78;8.8;1.42;4.6;7.84
J34;02/05/2021;Bordeaux;Rennes;H;4.84;4;1.83;4.58;3.81;1.76
J34;02/05/2021;Brest;Nantes;A;2.81;3.53;2.71;2.69;3.38;2.62
J34;02/05/2021;Dijon;Metz;A;3.91;3.56;2.15;3.72;3.31;02.09
J34;02/05/2021;Lorient;Angers;H;1.98;3.81;4.55;1.87;3.6;4.26
J34;02/05/2021;Nimes;Reims;D;2.32;3.5;3.55;2.24;3.36;3.26
J34;02/05/2021;Montpellier;St Etienne;A;2.52;3.49;3.1;2.42;3.34;2.96
J34;02/05/2021;Monaco;Lyon;A;2.41;3.75;3.15;2.3;3.58;2.99
J35;07/05/2021;Lens;Lille;A;4.6;3.57;1.99;4.18;3.45;1.94
J35;08/05/2021;Nantes;Bordeaux;H;2.1;3.58;04.05;02.03;3.41;3.79
J35;08/05/2021;Lyon;Lorient;H;1.45;5.4;7.85;1.4;5.11;7.11
J35;09/05/2021;St Etienne;Marseille;H;3.54;3.85;2.21;3.29;3.62;2.14
J35;09/05/2021;Angers;Dijon;H;1.9;3.82;4.64;1.84;3.6;4.37
J35;09/05/2021;Metz;Nimes;A;2.94;3.63;2.56;2.81;3.44;2.49
J35;09/05/2021;Nice;Brest;H;2.53;3.5;3.2;2.4;3.37;2.97
J35;09/05/2021;Strasbourg;Montpellier;A;1.75;4.6;4.75;1.69;4.28;4.45
J35;09/05/2021;Reims;Monaco;A;9.5;05.01;1.45;8.12;4.73;1.4
J35;09/05/2021;Rennes;Paris SG;D;6;4.33;1.7;5.13;4.1;1.64
J36;16/05/2021;Bordeaux;Lens;H;3.78;3.76;2.12;3.62;3.61;02.02
J36;16/05/2021;Dijon;Nantes;A;9.1;4.9;1.45;8.25;4.66;1.4
J36;16/05/2021;Lille;St Etienne;D;1.42;5.1;11;1.36;4.84;9.35
J36;16/05/2021;Lorient;Metz;H;1.68;4.18;06.06;1.62;3.97;5.56
J36;16/05/2021;Marseille;Angers;H;1.54;4.6;8;1.48;4.34;6.94
J36;16/05/2021;Monaco;Rennes;H;1.74;4.1;5.55;1.69;3.92;4.94
J36;16/05/2021;Montpellier;Brest;D;2.42;4;2.99;2.32;3.79;2.82
J36;16/05/2021;Nice;Strasbourg;A;3.61;3.78;2.21;3.48;3.61;02.06
J36;16/05/2021;Nimes;Lyon;A;8.25;5.7;1.41;7.54;5.38;1.37
J36;16/05/2021;Paris SG;Reims;H;1.14;11;33.44;1.11;9.78;22.15
J37;23/05/2021;Angers;Lille;A;11;5.25;1.41;9.66;4.92;1.35
J37;23/05/2021;Brest;Paris SG;A;13;07.08;1.29;10.59;6.52;1.25
J37;23/05/2021;Lens;Monaco;D;5.55;4.55;1.67;05.04;4.28;1.62
J37;23/05/2021;Lyon;Nice;A;1.25;7.8;15.16;1.21;07.08;12.69
J37;23/05/2021;Metz;Marseille;D;3.63;3.82;2.2;3.44;3.54;2.1
J37;23/05/2021;Nantes;Montpellier;A;1.57;5;7;1.5;4.67;06.01
J37;23/05/2021;Reims;Bordeaux;A;2.65;3.1;3.4;2.54;2.89;3.22
J37;23/05/2021;Rennes;Nimes;H;1.36;6.2;9.7;1.32;5.64;8.78
J37;23/05/2021;St Etienne;Dijon;A;1.33;6;11.5;1.3;5.62;9.79
J37;23/05/2021;Strasbourg;Lorient;D;2.9;2.2;5.1;2.79;02.09;4.69
